Sample ID,Pressure (PSI),Welding Time (ms),Angle (Deg),Force (N),Current (A),Thickness A (mm),Thickness B (mm),Material,PullTest (N),NuggetDiameter (mm),Category,Comments,Thickness A+B (mm),F_pull_from_nugget,F_pull_from_thickness
2,35,1500,0,52.25,2014.73,0.92,0.925,AISI 1010 carbon steel,5346.4,3.34,Good,DOE,1.845,1918.7877175996496,5077.504878584897
3,95,1500,0,123.36,1063.83,0.944,0.927,AISI 1010 carbon steel,4293.8,4.43,Good,DOE,1.871,3375.5259312920293,5149.057792863056
4,95,200,0,16.57,1321.93,0.912,0.924,AISI 1010 carbon steel,2350.4,2.76,Bad,DOE,1.836,1310.2439418397116,5052.736562103994
5,95,200,0,41.42,1615.83,0.948,0.939,AISI 1010 carbon steel,2174.8,2.57,Bad,DOE,1.887,1136.0573161438133,5193.090355495772
8,35,200,0,6.58,1171.55,0.931,0.922,AISI 1010 carbon steel,1836.4,2.64,Bad,DOE,1.853,1198.7865176756536,5099.521159901253
9,35,200,0,16.47,1083.06,0.932,0.928,AISI 1010 carbon steel,1932.5,2.43,Bad,DOE,1.86,1015.6557776949847,5118.785406053066
11,95,1500,0,129.13,1112.82,0.937,0.927,AISI 1010 carbon steel,3816.0,3.3,Good,DOE,1.864,1873.103933868208,5129.793546711245
14,95,1500,0,124.16,1078.29,0.925,0.93,AISI 1010 carbon steel,3970.1,3.94,Good,DOE,1.855,2670.0933175203413,5105.025230230342
15,35,1500,0,46.58,1123.59,0.931,0.938,AISI 1010 carbon steel,5634.8,4.55,Good,DOE,1.869,3560.8754996241123,5143.553722533967
28,35,1500,15,55.03,1168.61,0.939,0.93,AISI 1010 carbon steel,3855.5,2.73,Explode,DOE,1.869,1281.9151798646803,5143.553722533967
29,95,1500,15,122.48,1252.44,0.947,0.957,AISI 1010 carbon steel,5158.6,3.7,Explode,DOE,1.904,2354.710087663524,5239.874953293031
31,95,200,15,8.31,1075.09,0.946,0.939,AISI 1010 carbon steel,2667.3,2.81,Bad,DOE,1.885,1358.1465539225676,5187.586285166682
34,60,1000,0,77.33,3211.91,0.656,0.656,AISI 1010 carbon steel,3281.1,4.63,Good,,1.312,3687.1939136767123,3610.6701358825926
37,60,1000,0,77.29,3591.63,0.642,0.642,AISI 1010 carbon steel,3327.9,3.72,Good,,1.284,2380.2352138146757,3533.6131512753423
38,60,1000,0,77.18,3085.18,0.644,0.639,AISI 1010 carbon steel,3270.8,4.4,Good,,1.283,3329.962549099038,3530.861116110798
39,60,1000,0,77.14,3447.46,0.638,0.627,AISI 1010 carbon steel,3145.4,3.88,Good,,1.265,2589.3898863200693,3481.3244831489933
40,60,1000,0,77.04,2992.93,0.637,0.626,AISI 1010 carbon steel,3256.1,4.57,Good,,1.263,3592.248700499922,3475.820412819903
43,60,1000,0,77.39,2983.72,0.639,0.634,AISI 1010 carbon steel,3391.8,4.24,Good,,1.273,3092.186710882379,3503.3407644653507
45,60,1000,0,77.53,2857.7,0.636,0.62,AISI 1010 carbon steel,3299.1,4.21,Good,,1.256,3048.5841537441243,3456.5561666680906
46,60,1000,0,77.78,3348.76,0.63,0.631,AISI 1010 carbon steel,3158.6,3.65,Good,,1.261,2291.499279977889,3470.3163424908153
50,60,1000,0,77.92,3050.42,0.648,0.64,AISI 1010 carbon steel,3229.2,3.92,Good,,1.288,2643.05457202869,3544.6212919335203
52,60,1000,0,77.75,2890.61,0.638,0.641,AISI 1010 carbon steel,3909.3,3.57,Good,,1.279,2192.150810537826,3519.8529754526176
53,60,1000,0,85.48,2510.37,0.638,0.635,AISI 1010 carbon steel,3353.0,3.84,Good,,1.273,2536.2756076443575,3503.3407644653507
54,60,1000,0,85.49,2288.14,0.639,0.631,AISI 1010 carbon steel,3269.8,3.94,Good,,1.27,2670.0933175203413,3495.0846589717157
55,60,1000,0,82.83,2442.31,0.637,0.637,AISI 1010 carbon steel,3311.1,3.71,Good,,1.274,2367.455450519321,3506.092799629895
56,80,1000,0,102.48,3816.83,0.635,0.634,AISI 1010 carbon steel,3002.5,3.75,Good,,1.269,2418.780906338079,3492.332623807171
60,80,1000,0,96.29,3615.49,0.631,0.64,AISI 1010 carbon steel,2946.9,3.73,Good,,1.271,2393.0493775495866,3497.8366941362606
61,80,1000,0,100.69,3379.44,0.62,0.634,AISI 1010 carbon steel,2911.6,3.74,Good,,1.254,2405.897941724055,3451.052096339002
63,80,1000,0,100.02,3437.47,0.632,0.632,AISI 1010 carbon steel,3022.2,3.43,Good,,1.264,2023.588656709466,3478.5724479844484
66,80,1000,0,104.78,3866.08,0.628,0.63,AISI 1010 carbon steel,2618.5,3.19,Good,,1.258,1750.3115648701814,3462.0602369971807
67,80,1000,0,104.09,3323.5,0.634,0.617,AISI 1010 carbon steel,2756.7,3.42,Good,,1.251,2011.806506161259,3442.795990845368
69,80,1000,0,103.65,3215.12,0.616,0.636,AISI 1010 carbon steel,2654.4,3.47,Good,,1.252,2071.0612632978614,3445.548026009912
71,80,1000,0,104.82,3291.78,0.626,0.624,AISI 1010 carbon steel,2964.2,3.52,Good,,1.25,2131.176031423384,3440.043955680824
74,80,1000,0,105.43,2978.53,0.632,0.629,AISI 1010 carbon steel,3321.3,3.62,Good,,1.261,2253.985600641189,3470.3163424908153
77,80,1000,0,106.34,3056.61,0.635,0.635,AISI 1010 carbon steel,2881.7,3.43,Good,,1.27,2023.588656709466,3495.0846589717157
84,80,1000,0,106.71,3342.59,0.641,0.622,AISI 1010 carbon steel,2741.1,3.35,Good,,1.263,1930.2946646314022,3475.820412819903
85,80,800,0,114.77,3367.71,0.641,0.635,AISI 1010 carbon steel,2659.2,3.22,Good,,1.276,1783.3875875040526,3511.596869958984
87,80,800,0,114.86,3745.87,0.634,0.63,AISI 1010 carbon steel,2890.6,3.75,Good,,1.264,2418.780906338079,3478.5724479844484
91,80,800,0,114.95,3068.97,0.645,0.653,AISI 1010 carbon steel,2843.4,3.47,Good,,1.298,2071.0612632978614,3572.1416435789674
92,80,800,0,115.4,3074.57,0.645,0.635,AISI 1010 carbon steel,2726.7,3.53,Good,,1.28,2143.3021863671584,3522.6050106171633
93,80,800,0,115.36,3487.64,0.638,0.65,AISI 1010 carbon steel,2783.6,3.41,Good,,1.288,2000.0587560526096,3544.6212919335203
95,80,800,0,114.79,3100.19,0.623,0.633,AISI 1010 carbon steel,2585.6,3.14,Good,,1.256,1695.8728692715324,3456.5561666680906
99,80,800,0,115.37,3366.69,0.653,0.635,AISI 1010 carbon steel,2582.0,3.09,Good,,1.288,1642.2941846618035,3544.6212919335203
101,80,800,0,115.54,2929.03,0.625,0.631,AISI 1010 carbon steel,2683.1,3.41,Good,,1.256,2000.0587560526096,3456.5561666680906
102,80,800,0,115.75,3398.72,0.629,0.628,AISI 1010 carbon steel,2757.8,3.45,Good,,1.257,2047.25615912455,3459.3082018326354
103,80,800,0,115.91,3560.85,0.631,0.63,AISI 1010 carbon steel,2657.4,3.22,Good,,1.261,1783.3875875040526,3470.3163424908153
104,80,800,0,115.94,3088.52,0.628,0.635,AISI 1010 carbon steel,2578.4,2.99,Good,,1.263,1537.7168484091067,3475.820412819903
106,80,800,0,116.1,3162.81,0.639,0.637,AISI 1010 carbon steel,2702.2,3.34,Good,,1.276,1918.7877175996496,3511.596869958984
107,80,800,0,116.01,3104.63,0.638,0.64,AISI 1010 carbon steel,2652.0,3.1,Good,,1.278,1652.941120704636,3517.1009402880745
109,80,800,0,115.8,3371.29,0.638,0.632,AISI 1010 carbon steel,2580.8,3.75,Good,,1.27,2418.780906338079,3495.0846589717157
110,80,800,0,115.6,3074.57,0.642,0.634,AISI 1010 carbon steel,2981.5,3.2,Good,,1.276,1761.3025053085817,3511.596869958984
111,80,800,0,115.49,3371.8,0.638,0.634,AISI 1010 carbon steel,2832.0,2.96,Good,,1.272,1507.014456104655,3500.588729300806
112,80,800,0,115.61,3100.19,0.634,0.635,AISI 1010 carbon steel,2594.0,3.28,Good,,1.269,1850.4684446398282,3492.332623807171
113,80,800,0,115.92,3435.47,0.632,0.632,AISI 1010 carbon steel,2511.4,3.02,Good,,1.264,1568.728844669569,3478.5724479844484
114,80,800,0,115.99,3034.59,0.646,0.651,AISI 1010 carbon steel,3062.9,3.28,Good,,1.2970000000000002,1850.4684446398282,3569.3896084144235
115,80,800,0,115.98,3086.29,0.633,0.629,AISI 1010 carbon steel,2809.9,3.44,Good,,1.262,2035.4052076972296,3473.06837765536
116,80,800,0,116.04,3104.63,0.633,0.64,AISI 1010 carbon steel,2643.0,3.07,Good,,1.273,1621.1035138948096,3503.3407644653507
118,80,800,0,115.91,3470.34,0.635,0.635,AISI 1010 carbon steel,2692.7,3.42,Good,,1.27,2011.806506161259,3495.0846589717157
119,80,800,0,115.91,2965.79,0.627,0.641,AISI 1010 carbon steel,2685.5,3.28,Good,,1.268,1850.4684446398282,3489.5805886426274
122,80,800,0,114.15,3298.04,0.624,0.631,AISI 1010 carbon steel,2723.2,3.24,Good,,1.255,1805.6102714577507,3453.804131503546
123,80,800,0,112.38,3333.32,0.632,0.665,AISI 1010 carbon steel,2770.0,2.95,Good,,1.2970000000000002,1496.8491262156185,3569.3896084144235
125,80,800,0,114.64,3127.81,0.637,0.644,AISI 1010 carbon steel,2963.0,3.44,Good,,1.281,2035.4052076972296,3525.357045781708
126,80,800,0,113.8,3341.56,0.625,0.634,AISI 1010 carbon steel,2726.7,3.28,Good,,1.259,1850.4684446398282,3464.812272161726
132,80,800,0,114.38,3430.46,0.634,0.639,AISI 1010 carbon steel,2804.5,3.52,Good,,1.273,2131.176031423384,3503.3407644653507
133,80,800,0,114.68,3150.28,0.623,0.634,AISI 1010 carbon steel,2726.1,3.62,Good,,1.257,2253.985600641189,3459.3082018326354
134,80,800,0,114.71,2983.72,0.636,0.648,AISI 1010 carbon steel,2834.4,3.72,Good,,1.284,2380.2352138146757,3533.6131512753423
135,80,800,0,114.26,3178.0,0.639,0.635,AISI 1010 carbon steel,2541.9,3.19,Good,,1.274,1750.3115648701814,3506.092799629895
138,80,600,0,103.95,4029.03,0.623,0.616,AISI 1010 carbon steel,2704.5,3.27,Good,,1.239,1839.202300684974,3409.771568870833
139,80,600,0,104.29,3240.7,0.624,0.619,AISI 1010 carbon steel,2823.6,2.86,Good,,1.243,1406.909176994343,3420.779709529011
140,80,600,0,104.3,3290.74,0.621,0.626,AISI 1010 carbon steel,2614.3,3.15,Good,,1.247,1706.6918075121484,3431.7878501871905
141,80,600,0,105.0,3010.69,0.618,0.622,AISI 1010 carbon steel,2813.5,3.3,Good,,1.24,1873.103933868208,3412.5236040353775
143,80,600,0,107.55,3275.54,0.625,0.628,AISI 1010 carbon steel,2743.5,3.17,Good,,1.253,1728.4328853120514,3448.3000611744565
144,80,600,0,107.83,2973.32,0.618,0.619,AISI 1010 carbon steel,2707.6,3.38,Good,,1.237,1965.0219083639997,3404.267498541744
146,80,600,0,107.67,2936.65,0.62,0.62,AISI 1010 carbon steel,2744.7,3.65,Good,,1.24,2291.499279977889,3412.5236040353775
147,80,600,0,107.91,3023.8,0.616,0.618,AISI 1010 carbon steel,2762.0,3.22,Good,,1.234,1783.3875875040526,3396.0113930481093
148,80,600,0,107.86,2882.27,0.62,0.612,AISI 1010 carbon steel,2743.9,3.3,Good,,1.232,1873.103933868208,3390.5073227190196
149,80,600,0,107.57,2807.91,0.616,0.617,AISI 1010 carbon steel,2812.3,3.48,Good,,1.233,2083.015416043852,3393.2593578835654
150,80,600,0,107.7,3483.69,0.619,0.624,AISI 1010 carbon steel,2918.9,3.15,Good,,1.243,1706.6918075121484,3420.779709529011
151,80,600,0,107.74,3224.74,0.623,0.615,AISI 1010 carbon steel,2666.9,3.1,Good,,1.238,1652.941120704636,3407.019533706288
152,80,600,0,107.67,3523.46,0.623,0.618,AISI 1010 carbon steel,2680.1,2.98,Good,,1.241,1527.4483172013993,3415.275639199922
154,80,600,0,107.31,2722.06,0.636,0.638,AISI 1010 carbon steel,2587.4,3.33,Good,,1.274,1907.3151710074544,3506.092799629895
156,80,600,0,107.45,2809.75,0.625,0.634,AISI 1010 carbon steel,2655.0,3.27,Good,,1.259,1839.202300684974,3464.812272161726
157,80,600,0,107.87,3192.58,0.642,0.646,AISI 1010 carbon steel,2583.2,2.83,Good,,1.288,1377.5484018326074,3544.6212919335203
162,80,600,0,108.36,2734.04,0.618,0.628,AISI 1010 carbon steel,2830.2,3.52,Explode,,1.246,2131.176031423384,3429.035815022645
163,80,600,0,108.21,3085.18,0.641,0.638,AISI 1010 carbon steel,2781.8,3.67,Good,,1.279,2316.680401733472,3519.8529754526176
164,80,600,0,107.82,3155.19,0.631,0.636,AISI 1010 carbon steel,2752.5,3.18,Good,,1.267,1739.355024871338,3486.8285534780816
165,80,600,0,108.34,3983.52,0.635,0.638,AISI 1010 carbon steel,2735.7,3.39,Good,,1.273,1976.6664571539795,3503.3407644653507
167,80,600,0,107.89,3474.3,0.642,0.637,AISI 1010 carbon steel,2734.5,3.34,Good,,1.279,1918.7877175996496,3519.8529754526176
168,80,600,0,108.17,3725.15,0.64,0.631,AISI 1010 carbon steel,2531.8,3.0,Good,,1.271,1548.0197800563706,3497.8366941362606
169,80,600,0,108.59,3415.89,0.634,0.636,AISI 1010 carbon steel,2678.9,3.37,Good,,1.27,1953.4117600135774,3495.0846589717157
172,80,600,0,108.09,3905.03,0.632,0.633,AISI 1010 carbon steel,2803.3,3.69,Good,,1.265,2341.999125247283,3481.3244831489933
173,80,600,0,108.36,4029.88,0.636,0.631,AISI 1010 carbon steel,2849.4,3.44,Good,,1.267,2035.4052076972296,3486.8285534780816
175,80,600,0,108.68,4017.06,0.625,0.64,AISI 1010 carbon steel,2769.8,4.02,Good,,1.265,2779.6243170692183,3481.3244831489933
176,80,600,0,108.45,3701.99,0.64,0.634,AISI 1010 carbon steel,2768.6,3.6,Good,,1.274,2229.148483281174,3506.092799629895
177,80,600,0,108.11,3079.04,0.64,0.635,AISI 1010 carbon steel,2955.2,3.42,Good,,1.275,2011.806506161259,3508.8448347944386
179,80,600,0,108.3,4010.63,0.632,0.636,AISI 1010 carbon steel,2743.5,3.35,Good,,1.268,1930.2946646314022,3489.5805886426274
180,80,600,0,108.2,3040.82,0.629,0.625,AISI 1010 carbon steel,2802.1,3.85,Good,,1.254,2549.5025766539507,3451.052096339002
182,80,600,0,108.2,3153.0,0.636,0.633,AISI 1010 carbon steel,2765.0,3.49,Good,,1.269,2095.0039692294004,3492.332623807171
183,80,600,0,108.32,3040.25,0.634,0.629,AISI 1010 carbon steel,2783.0,3.63,Good,,1.263,2266.455759980532,3475.820412819903
184,80,600,0,108.77,3078.48,0.637,0.633,AISI 1010 carbon steel,2731.5,3.29,Good,,1.27,1861.7689890342401,3495.0846589717157
188,60,400,0,91.6,2933.14,0.64,0.617,AISI 1010 carbon steel,2908.6,3.22,Good,,1.257,1783.3875875040526,3459.3082018326354
189,60,400,0,91.17,3119.0,0.64,0.633,AISI 1010 carbon steel,2634.6,2.7,Bad,,1.273,1253.8960218456602,3503.3407644653507
190,60,400,0,91.9,3344.14,0.642,0.636,AISI 1010 carbon steel,2766.2,3.03,Good,,1.278,1579.1349776355037,3517.1009402880745
191,60,400,0,91.89,3352.87,0.64,0.637,AISI 1010 carbon steel,3056.3,3.4,Good,,1.277,1988.3454063835156,3514.348905123529
192,60,400,0,91.92,3598.8,0.646,0.634,AISI 1010 carbon steel,2737.5,3.19,Good,,1.28,1750.3115648701814,3522.6050106171633
193,60,400,0,91.98,2901.3,0.638,0.642,AISI 1010 carbon steel,2774.6,3.23,Good,,1.28,1794.4817292611233,3522.6050106171633
194,60,400,0,91.87,3704.78,0.627,0.632,AISI 1010 carbon steel,2879.3,3.24,Good,,1.259,1805.6102714577507,3464.812272161726
195,60,400,0,92.05,3424.44,0.631,0.635,AISI 1010 carbon steel,2912.8,3.4,Good,,1.266,1988.3454063835156,3484.0765183135377
196,60,400,0,92.23,2727.75,0.617,0.627,AISI 1010 carbon steel,2608.9,3.53,Good,,1.244,2143.3021863671584,3423.5317446935555
199,60,400,0,91.8,3642.98,0.637,0.634,AISI 1010 carbon steel,2723.2,3.65,Good,,1.271,2291.499279977889,3497.8366941362606
203,60,400,0,92.71,3277.12,0.643,0.631,AISI 1010 carbon steel,2727.9,3.16,Good,,1.274,1717.5451461923217,3506.092799629895
204,60,400,0,93.01,3031.75,0.638,0.639,AISI 1010 carbon steel,2714.2,3.5,Good,,1.277,2107.0269228545044,3514.348905123529
205,60,400,0,93.15,3342.08,0.642,0.635,AISI 1010 carbon steel,2933.7,3.41,Good,,1.277,2000.0587560526096,3514.348905123529
210,60,400,0,92.98,3047.6,0.636,0.632,AISI 1010 carbon steel,2714.8,3.7,Good,,1.268,2354.710087663524,3489.5805886426274
211,60,400,0,92.93,2883.46,0.631,0.627,AISI 1010 carbon steel,2720.2,3.52,Good,,1.258,2131.176031423384,3462.0602369971807
212,60,400,0,93.07,2519.95,0.626,0.629,AISI 1010 carbon steel,2719.6,3.25,Good,,1.255,1816.773214093935,3453.804131503546
217,60,400,0,93.27,2964.63,0.632,0.639,AISI 1010 carbon steel,2969.0,3.16,Good,,1.271,1717.5451461923217,3497.8366941362606
219,60,400,0,93.01,3140.98,0.621,0.632,AISI 1010 carbon steel,2748.3,3.38,Good,,1.253,1965.0219083639997,3448.3000611744565
220,60,400,0,93.0,3292.3,0.633,0.631,AISI 1010 carbon steel,2604.1,3.22,Good,,1.264,1783.3875875040526,3478.5724479844484
221,60,400,0,93.02,3049.29,0.64,0.622,AISI 1010 carbon steel,2787.2,3.6,Good,,1.262,2229.148483281174,3473.06837765536
222,60,400,0,93.15,3222.07,0.636,0.641,AISI 1010 carbon steel,2750.7,3.43,Good,,1.277,2023.588656709466,3514.348905123529
224,60,400,0,93.03,3401.76,0.614,0.628,AISI 1010 carbon steel,2649.6,3.6,Good,,1.242,2229.148483281174,3418.027674364466
226,60,400,0,93.18,3308.46,0.641,0.633,AISI 1010 carbon steel,2729.7,3.02,Good,,1.274,1568.728844669569,3506.092799629895
227,60,400,0,93.19,3145.9,0.628,0.635,AISI 1010 carbon steel,2762.0,3.61,Good,,1.263,2241.549841741403,3475.820412819903
228,60,400,0,92.91,3124.51,0.619,0.642,AISI 1010 carbon steel,2808.7,3.53,Good,,1.261,2143.3021863671584,3470.3163424908153
229,60,400,0,92.56,3628.31,0.638,0.634,AISI 1010 carbon steel,2701.6,3.52,Good,,1.272,2131.176031423384,3500.588729300806
231,60,400,0,92.65,3587.79,0.637,0.627,AISI 1010 carbon steel,2678.9,3.58,Good,,1.264,2204.448967679385,3478.5724479844484
232,60,400,0,92.53,3023.8,0.638,0.629,AISI 1010 carbon steel,2620.3,3.24,Good,,1.267,1805.6102714577507,3486.8285534780816
233,60,400,0,92.69,2970.43,0.638,0.632,AISI 1010 carbon steel,2896.6,3.55,Good,,1.27,2167.6576975733788,3495.0846589717157
235,60,400,0,92.76,3707.1,0.628,0.634,AISI 1010 carbon steel,2616.7,3.07,Bad,,1.262,1621.1035138948096,3473.06837765536
237,60,1000,15,75.28,3955.36,0.636,0.639,AISI 1010 carbon steel,3228.6,3.61,Good,,1.275,2241.549841741403,3508.8448347944386
238,60,1000,15,77.54,3548.27,0.632,0.635,AISI 1010 carbon steel,3229.2,3.48,Good,,1.267,2083.015416043852,3486.8285534780816
239,60,1000,15,77.02,4210.64,0.624,0.625,AISI 1010 carbon steel,3216.0,3.66,Good,,1.249,2304.072640635902,3437.29192051628
240,60,1000,15,76.94,3456.43,0.634,0.633,AISI 1010 carbon steel,3232.8,3.5,Good,,1.267,2107.0269228545044,3486.8285534780816
241,60,1000,15,76.65,2924.33,0.638,0.634,AISI 1010 carbon steel,3219.6,3.46,Good,,1.272,2059.1415109914274,3500.588729300806
243,60,1000,15,75.25,3474.3,0.627,0.637,AISI 1010 carbon steel,3228.6,3.85,Good,,1.264,2549.5025766539507,3478.5724479844484
244,60,1000,15,73.97,4443.18,0.639,0.639,AISI 1010 carbon steel,3242.3,4.57,Good,,1.278,3592.248700499922,3517.1009402880745
245,60,1000,15,73.41,3506.82,0.641,0.633,AISI 1010 carbon steel,3124.5,3.66,Good,,1.274,2304.072640635902,3506.092799629895
246,60,1000,15,73.37,3528.34,0.64,0.63,AISI 1010 carbon steel,3039.0,3.33,Good,,1.27,1907.3151710074544,3495.0846589717157
247,60,1000,15,76.31,3842.87,0.644,0.631,AISI 1010 carbon steel,3242.3,3.55,Good,,1.275,2167.6576975733788,3508.8448347944386
248,60,1000,15,77.18,3952.31,0.635,0.635,AISI 1010 carbon steel,3121.5,3.52,Good,,1.27,2131.176031423384,3495.0846589717157
249,60,1000,15,75.67,3490.11,0.631,0.635,AISI 1010 carbon steel,3172.9,4.19,Good,,1.266,3019.687784516406,3484.0765183135377
252,60,1000,15,-99.0,-99.0,0.639,0.633,AISI 1010 carbon steel,3168.2,3.39,Good,Communication error,1.272,1976.6664571539795,3500.588729300806
255,60,1000,15,73.29,4144.76,0.63,0.64,AISI 1010 carbon steel,3167.0,3.3,Good,,1.27,1873.103933868208,3495.0846589717157
256,60,1000,15,73.32,3518.57,0.623,0.632,AISI 1010 carbon steel,3016.2,3.54,Good,,1.255,2155.4627417504903,3453.804131503546
257,60,1000,15,73.53,4023.05,0.633,0.629,AISI 1010 carbon steel,3163.4,3.29,Good,,1.262,1861.7689890342401,3473.06837765536
258,60,1000,15,73.4,3812.32,0.641,0.637,AISI 1010 carbon steel,3188.5,3.9,Good,,1.278,2616.153428295266,3517.1009402880745
259,60,1000,15,73.27,3653.35,0.635,0.633,AISI 1010 carbon steel,3056.6,3.36,Good,,1.268,1941.836012102711,3489.5805886426274
260,60,1000,15,73.43,4362.31,0.633,0.626,AISI 1010 carbon steel,3098.8,3.61,Good,,1.259,2241.549841741403,3464.812272161726
261,60,1000,15,73.6,3674.48,0.633,0.631,AISI 1010 carbon steel,3013.7,3.57,Good,,1.264,2192.150810537826,3478.5724479844484
263,60,1000,15,73.95,3776.05,0.63,0.646,AISI 1010 carbon steel,3056.3,3.98,Good,,1.276,2724.5836137783263,3511.596869958984
264,60,1000,15,74.08,3758.25,0.636,0.638,AISI 1010 carbon steel,3226.8,3.72,Good,,1.274,2380.2352138146757,3506.092799629895
265,60,1000,15,74.04,4658.6,0.637,0.637,AISI 1010 carbon steel,3152.0,3.7,Good,,1.274,2354.710087663524,3506.092799629895
268,60,1000,15,74.11,4072.34,0.641,0.639,AISI 1010 carbon steel,3053.3,3.68,Good,,1.28,2329.3225632705994,3522.6050106171633
269,60,1000,15,74.06,3901.51,0.643,0.642,AISI 1010 carbon steel,3220.8,3.62,Good,,1.285,2253.985600641189,3536.365186439886
271,60,1000,15,77.74,4452.85,0.647,0.64,AISI 1010 carbon steel,3151.2,3.65,Good,,1.287,2291.499279977889,3541.869256768976
272,60,1000,15,78.69,4125.22,0.638,0.631,AISI 1010 carbon steel,3160.4,3.57,Good,,1.269,2192.150810537826,3492.332623807171
274,60,1000,15,80.22,3699.67,0.622,0.618,AISI 1010 carbon steel,3089.2,3.76,Good,,1.24,2431.6982713916605,3412.5236040353775
275,60,1000,15,79.86,4069.81,0.611,0.62,AISI 1010 carbon steel,3053.9,3.67,Good,,1.231,2316.680401733472,3387.7552875544748
278,60,1000,15,79.73,3791.51,0.62,0.621,AISI 1010 carbon steel,2922.3,3.68,Good,,1.241,2329.3225632705994,3415.275639199922
281,60,1000,15,77.69,4528.68,0.617,0.62,AISI 1010 carbon steel,3117.3,3.68,Good,,1.237,2329.3225632705994,3404.267498541744
282,60,1000,15,77.07,3727.46,0.622,0.612,AISI 1010 carbon steel,3001.9,4.24,Good,,1.234,3092.186710882379,3396.0113930481093
284,60,1000,15,76.72,3778.78,0.624,0.619,AISI 1010 carbon steel,3107.1,3.28,Good,,1.243,1850.4684446398282,3420.779709529011
285,60,1000,15,76.57,4481.34,0.627,0.63,AISI 1010 carbon steel,3155.6,3.55,Good,,1.257,2167.6576975733788,3459.3082018326354
286,60,800,15,74.76,4577.79,0.623,0.62,AISI 1010 carbon steel,3136.5,3.99,Good,,1.243,2738.2921889417144,3420.779709529011
289,60,800,15,74.79,3642.51,0.629,0.629,AISI 1010 carbon steel,3135.3,3.73,Good,,1.258,2393.0493775495866,3462.0602369971807
290,60,800,15,75.17,3682.89,0.625,0.628,AISI 1010 carbon steel,3175.3,3.66,Good,,1.253,2304.072640635902,3448.3000611744565
291,60,800,15,75.27,4413.27,0.628,0.623,AISI 1010 carbon steel,3250.1,4.03,Good,,1.251,2793.470493990835,3442.795990845368
292,60,800,15,75.04,4022.19,0.633,0.628,AISI 1010 carbon steel,2828.4,3.43,Good,,1.261,2023.588656709466,3470.3163424908153
293,60,800,15,75.01,3307.94,0.62,0.615,AISI 1010 carbon steel,2806.9,3.34,Good,,1.235,1918.7877175996496,3398.7634282126537
294,60,800,15,74.94,3094.08,0.621,0.621,AISI 1010 carbon steel,3050.9,3.68,Good,,1.242,2329.3225632705994,3418.027674364466
296,60,800,15,74.9,3263.44,0.629,0.623,AISI 1010 carbon steel,3152.6,3.56,Good,,1.252,2179.8870538358246,3445.548026009912
297,60,800,15,74.82,3017.54,0.622,0.622,AISI 1010 carbon steel,3016.2,3.73,Good,,1.244,2393.0493775495866,3423.5317446935555
299,60,800,15,75.21,3427.45,0.631,0.615,AISI 1010 carbon steel,3039.6,3.3,Good,,1.246,1873.103933868208,3429.035815022645
300,60,800,15,80.69,4852.11,0.613,0.622,AISI 1010 carbon steel,2746.5,3.87,Good,,1.235,2576.0597159918066,3398.7634282126537
301,60,800,15,80.89,3454.44,0.62,0.62,AISI 1010 carbon steel,3017.4,3.57,Good,,1.24,2192.150810537826,3412.5236040353775
302,60,800,15,80.49,3502.9,0.631,0.625,AISI 1010 carbon steel,3061.1,3.72,Good,,1.256,2380.2352138146757,3456.5561666680906
305,60,800,15,81.25,3508.78,0.628,0.62,AISI 1010 carbon steel,3114.3,3.7,Good,,1.248,2354.710087663524,3434.539885351734
306,60,800,15,80.29,3571.94,0.629,0.627,AISI 1010 carbon steel,3104.8,3.59,Good,,1.256,2216.781525260501,3456.5561666680906
307,60,800,15,79.88,3543.42,0.631,0.62,AISI 1010 carbon steel,2866.1,3.67,Good,,1.251,2316.680401733472,3442.795990845368
308,60,800,15,79.81,3138.79,0.621,0.627,AISI 1010 carbon steel,3196.9,3.65,Explode,,1.248,2291.499279977889,3434.539885351734
310,60,800,15,78.65,3182.32,0.627,0.62,AISI 1010 carbon steel,3073.7,3.39,Good,,1.247,1976.6664571539795,3431.7878501871905
311,60,800,15,78.62,3119.0,0.631,0.632,AISI 1010 carbon steel,2978.0,3.65,Good,,1.263,2291.499279977889,3475.820412819903
313,60,800,15,78.71,3510.74,0.632,0.63,AISI 1010 carbon steel,3236.9,3.45,Good,,1.262,2047.25615912455,3473.06837765536
314,60,800,15,78.09,3709.42,0.63,0.624,AISI 1010 carbon steel,3062.3,3.72,Good,,1.254,2380.2352138146757,3451.052096339002
318,60,800,15,78.07,3403.28,0.633,0.632,AISI 1010 carbon steel,3132.3,3.74,Good,,1.265,2405.897941724055,3481.3244831489933
320,60,800,15,82.81,3507.8,0.632,0.632,AISI 1010 carbon steel,3012.0,3.8,Good,,1.264,2483.7117360015545,3478.5724479844484
324,60,800,15,79.24,3432.96,0.632,0.624,AISI 1010 carbon steel,3025.2,3.58,Explode,,1.256,2204.448967679385,3456.5561666680906
325,60,800,15,79.07,3589.71,0.638,0.628,AISI 1010 carbon steel,3015.0,3.54,Good,,1.266,2155.4627417504903,3484.0765183135377
328,60,800,15,78.92,3274.49,0.621,0.629,AISI 1010 carbon steel,3037.2,3.6,Good,,1.25,2229.148483281174,3440.043955680824
331,60,800,15,83.46,3518.08,0.625,0.629,AISI 1010 carbon steel,3091.0,3.42,Good,,1.254,2011.806506161259,3451.052096339002
332,60,800,15,82.25,3570.01,0.63,0.633,AISI 1010 carbon steel,2835.0,3.57,Good,,1.263,2192.150810537826,3475.820412819903
333,60,800,15,81.8,4235.89,0.628,0.644,AISI 1010 carbon steel,3069.5,3.8,Good,,1.272,2483.7117360015545,3500.588729300806
335,60,800,15,80.3,3455.44,0.626,0.623,AISI 1010 carbon steel,3113.1,3.45,Good,,1.249,2047.25615912455,3437.29192051628
336,60,600,15,89.19,4297.96,0.624,0.627,AISI 1010 carbon steel,2948.0,3.22,Good,,1.251,1783.3875875040526,3442.795990845368
338,60,600,15,89.22,4321.11,0.625,0.621,AISI 1010 carbon steel,2817.7,3.23,Good,,1.246,1794.4817292611233,3429.035815022645
339,60,600,15,89.33,3782.88,0.636,0.62,AISI 1010 carbon steel,2647.8,3.48,Good,,1.256,2083.015416043852,3456.5561666680906
342,60,600,15,89.7,3726.99,0.629,0.63,AISI 1010 carbon steel,3108.3,3.69,Good,,1.259,2341.999125247283,3464.812272161726
346,60,600,15,90.18,3570.01,0.629,0.615,AISI 1010 carbon steel,3032.4,3.56,Good,,1.244,2179.8870538358246,3423.5317446935555
348,60,600,15,91.64,4181.53,0.627,0.625,AISI 1010 carbon steel,3096.4,3.34,Good,,1.252,1918.7877175996496,3445.548026009912
349,60,600,15,92.26,3510.74,0.626,0.622,AISI 1010 carbon steel,3088.6,3.54,Explode,,1.248,2155.4627417504903,3434.539885351734
350,60,600,15,91.81,3526.39,0.626,0.622,AISI 1010 carbon steel,2854.1,3.52,Good,,1.248,2131.176031423384,3434.539885351734
352,60,600,15,92.07,3950.14,0.619,0.624,AISI 1010 carbon steel,2754.3,3.56,Good,,1.243,2179.8870538358246,3420.779709529011
355,60,600,15,94.45,3395.69,0.622,0.622,AISI 1010 carbon steel,2821.2,3.17,Good,,1.244,1728.4328853120514,3423.5317446935555
358,60,600,15,94.64,4211.05,0.618,0.613,AISI 1010 carbon steel,2730.3,3.19,Good,,1.231,1750.3115648701814,3387.7552875544748
359,60,600,15,93.85,4254.52,0.622,0.623,AISI 1010 carbon steel,2788.4,3.48,Good,,1.245,2083.015416043852,3426.283779858101
361,60,600,15,94.74,3834.81,0.62,0.615,AISI 1010 carbon steel,2611.3,3.26,Good,,1.235,1827.9705571696757,3398.7634282126537
362,60,600,15,94.99,4235.89,0.637,0.633,AISI 1010 carbon steel,2840.4,3.58,Good,,1.27,2204.448967679385,3495.0846589717157
363,60,600,15,94.9,3548.27,0.621,0.614,AISI 1010 carbon steel,2780.6,3.54,Good,,1.235,2155.4627417504903,3398.7634282126537
364,60,600,15,95.1,4541.95,0.628,0.624,AISI 1010 carbon steel,3040.8,3.49,Good,,1.252,2095.0039692294004,3445.548026009912
367,60,600,15,94.74,4493.22,0.625,0.639,AISI 1010 carbon steel,3080.2,3.42,Good,,1.264,2011.806506161259,3478.5724479844484
370,60,600,15,94.39,4167.94,0.625,0.624,AISI 1010 carbon steel,2976.2,3.43,Good,,1.249,2023.588656709466,3437.29192051628
371,60,600,15,93.65,3787.88,0.621,0.631,AISI 1010 carbon steel,2979.2,3.37,Explode,,1.252,1953.4117600135774,3445.548026009912
372,60,600,15,93.23,4590.92,0.631,0.627,AISI 1010 carbon steel,3054.5,3.65,Good,,1.258,2291.499279977889,3462.0602369971807
374,60,600,15,93.57,4234.67,0.622,0.613,AISI 1010 carbon steel,3097.6,3.43,Explode,,1.235,2023.588656709466,3398.7634282126537
376,60,600,15,93.84,3749.08,0.619,0.634,AISI 1010 carbon steel,3033.0,3.3,Good,,1.253,1873.103933868208,3448.3000611744565
377,60,600,15,94.24,3736.67,0.618,0.626,AISI 1010 carbon steel,3139.4,4.02,Good,,1.244,2779.6243170692183,3423.5317446935555
379,60,600,15,94.96,4176.6,0.625,0.618,AISI 1010 carbon steel,3140.0,3.93,Good,,1.243,2656.5567445547376,3420.779709529011
380,60,600,15,95.1,4417.17,0.627,0.622,AISI 1010 carbon steel,3222.6,3.26,Good,,1.249,1827.9705571696757,3437.29192051628
382,60,600,15,95.53,3630.68,0.613,0.623,AISI 1010 carbon steel,2969.0,3.68,Good,,1.236,2329.3225632705994,3401.515463377198
384,60,600,15,95.61,3330.22,0.636,0.616,AISI 1010 carbon steel,3160.4,3.41,Good,,1.252,2000.0587560526096,3445.548026009912
385,60,600,15,94.93,3454.44,0.619,0.623,AISI 1010 carbon steel,3131.7,3.47,Explode,,1.242,2071.0612632978614,3418.027674364466
387,60,400,15,95.4,3564.23,0.625,0.621,AISI 1010 carbon steel,3050.3,3.7,Good,,1.246,2354.710087663524,3429.035815022645
388,60,400,15,95.29,3481.22,0.626,0.622,AISI 1010 carbon steel,3063.5,3.98,Good,,1.248,2724.5836137783263,3434.539885351734
390,60,400,15,95.18,3963.18,0.626,0.62,AISI 1010 carbon steel,2961.2,3.48,Good,,1.246,2083.015416043852,3429.035815022645
391,60,400,15,95.19,3868.3,0.619,0.647,AISI 1010 carbon steel,2957.0,3.62,Explode,,1.266,2253.985600641189,3484.0765183135377
392,60,400,15,95.25,4134.79,0.632,0.622,AISI 1010 carbon steel,3040.2,3.31,Good,,1.254,1884.4732791417337,3451.052096339002
394,60,400,15,95.52,3320.39,0.626,0.622,AISI 1010 carbon steel,2672.3,3.36,Good,,1.248,1941.836012102711,3434.539885351734
397,60,400,15,95.04,3112.93,0.621,0.622,AISI 1010 carbon steel,3049.1,3.12,Good,,1.243,1674.3381941089706,3420.779709529011
399,60,400,15,94.83,3905.47,0.617,0.624,AISI 1010 carbon steel,2870.9,3.48,Good,,1.241,2083.015416043852,3415.275639199922
400,60,400,15,94.56,3651.47,0.613,0.608,AISI 1010 carbon steel,1775.7,2.37,Bad,,1.221,966.1191447331809,3360.2349359090285
404,60,400,15,94.53,3392.65,0.628,0.613,AISI 1010 carbon steel,3030.6,3.26,Good,,1.241,1827.9705571696757,3415.275639199922
407,60,400,15,94.9,3500.93,0.624,0.628,AISI 1010 carbon steel,2927.1,3.65,Good,,1.252,2291.499279977889,3445.548026009912
409,60,400,15,95.08,2991.2,0.622,0.628,AISI 1010 carbon steel,2817.7,3.16,Good,,1.25,1717.5451461923217,3440.043955680824
410,60,400,15,95.08,3176.92,0.634,0.623,AISI 1010 carbon steel,3015.0,3.94,Good,,1.257,2670.0933175203413,3459.3082018326354
411,60,400,15,95.25,3013.54,0.625,0.63,AISI 1010 carbon steel,3111.9,4.05,Good,,1.255,2821.2660491527354,3453.804131503546
413,60,400,15,95.48,2968.69,0.627,0.628,AISI 1010 carbon steel,2726.7,2.9,Good,,1.255,1446.5384833637863,3453.804131503546
416,60,400,15,95.86,2936.65,0.633,0.629,AISI 1010 carbon steel,2863.7,3.44,Good,,1.262,2035.4052076972296,3473.06837765536
418,60,400,15,95.88,3014.11,0.636,0.623,AISI 1010 carbon steel,2846.4,3.4,Good,,1.259,1988.3454063835156,3464.812272161726
419,60,400,15,95.69,2987.75,0.624,0.623,AISI 1010 carbon steel,2795.5,3.47,Good,,1.247,2071.0612632978614,3431.7878501871905
422,60,400,15,95.81,2655.54,0.626,0.63,AISI 1010 carbon steel,2899.0,3.11,Explode,,1.256,1663.6224571870243,3456.5561666680906
423,60,400,15,95.84,2614.42,0.628,0.626,AISI 1010 carbon steel,2836.8,3.59,Good,,1.254,2216.781525260501,3451.052096339002
424,60,400,15,95.96,2994.65,0.623,0.623,AISI 1010 carbon steel,1793.7,2.59,Explode,,1.246,1153.8079429551262,3429.035815022645
426,60,400,15,96.24,3444.47,0.634,0.617,AISI 1010 carbon steel,2955.8,3.42,Good,,1.251,2011.806506161259,3442.795990845368
430,60,400,15,96.05,3091.3,0.61,0.644,AISI 1010 carbon steel,2766.2,3.29,Good,,1.254,1861.7689890342401,3451.052096339002
440,60,1200,15,95.04,3106.84,0.631,0.632,AISI 1010 carbon steel,3222.6,3.81,Good,,1.263,2496.80110325292,3475.820412819903
441,60,1200,15,94.89,3229.54,0.618,0.618,AISI 1010 carbon steel,3156.2,3.88,Good,,1.236,2589.3898863200693,3401.515463377198
442,60,1200,15,94.9,3394.17,0.624,0.631,AISI 1010 carbon steel,3158.6,3.58,Good,,1.255,2204.448967679385,3453.804131503546
443,60,1200,15,94.98,3890.91,0.638,0.626,AISI 1010 carbon steel,2863.7,3.94,Good,,1.264,2670.0933175203413,3478.5724479844484
448,60,1200,15,95.27,3647.7,0.621,0.62,AISI 1010 carbon steel,3164.0,3.72,Good,,1.241,2380.2352138146757,3415.275639199922
449,60,1200,15,95.42,3725.61,0.615,0.61,AISI 1010 carbon steel,2976.8,3.66,Good,,1.225,2304.072640635902,3371.2430765672075
450,60,1200,15,95.62,3594.02,0.619,0.617,AISI 1010 carbon steel,3116.1,3.52,Good,,1.236,2131.176031423384,3401.515463377198
451,60,1200,15,95.72,3043.08,0.622,0.614,AISI 1010 carbon steel,3158.0,3.66,Good,,1.236,2304.072640635902,3401.515463377198
452,60,1200,15,95.62,3031.75,0.619,0.626,AISI 1010 carbon steel,2897.8,3.63,Good,,1.245,2266.455759980532,3426.283779858101
453,60,1200,15,95.61,3662.76,0.614,0.616,AISI 1010 carbon steel,3152.6,4.48,Good,,1.23,3452.1529104048204,3385.00325238993
454,60,1200,15,95.61,3040.82,0.62,0.612,AISI 1010 carbon steel,3080.2,3.71,Good,,1.232,2367.455450519321,3390.5073227190196
455,60,1200,15,95.64,3435.97,0.624,0.612,AISI 1010 carbon steel,2927.7,3.86,Good,,1.236,2562.7639461031,3401.515463377198
456,60,1200,15,95.74,3401.76,0.616,0.621,AISI 1010 carbon steel,3049.1,4.44,Good,,1.237,3390.7825262354745,3404.267498541744
463,60,1200,15,96.28,3206.02,0.623,0.627,AISI 1010 carbon steel,3186.7,4.06,Good,,1.25,2835.2154273930205,3440.043955680824
464,60,1200,15,96.28,3085.18,0.666,0.619,AISI 1010 carbon steel,3070.1,3.65,Good,,1.285,2291.499279977889,3536.365186439886
467,60,1200,0,97.32,4214.72,0.621,0.631,AISI 1010 carbon steel,2979.2,3.75,Good,,1.252,2418.780906338079,3445.548026009912
469,60,1200,0,96.79,4293.96,0.621,0.625,AISI 1010 carbon steel,2937.9,3.57,Good,,1.246,2192.150810537826,3429.035815022645
470,60,1200,0,97.29,4226.13,0.634,0.625,AISI 1010 carbon steel,3028.8,3.38,Good,,1.259,1965.0219083639997,3464.812272161726
472,60,1200,0,97.79,3940.55,0.616,0.629,AISI 1010 carbon steel,2730.3,2.93,Good,,1.245,1476.6216677562152,3426.283779858101
476,60,1200,0,97.92,3369.24,0.627,0.616,AISI 1010 carbon steel,2835.0,4.12,Good,,1.243,2919.6341060654286,3420.779709529011
477,60,1200,0,98.26,3954.05,0.624,0.621,AISI 1010 carbon steel,2878.7,3.89,Good,,1.245,2602.75445708789,3426.283779858101
478,60,1200,0,98.02,2591.95,0.631,0.617,AISI 1010 carbon steel,1720.7,2.62,Explode,,1.248,1180.6918864687725,3434.539885351734
480,60,1200,0,98.49,2308.35,0.624,0.626,AISI 1010 carbon steel,1410.3,1.9,Bad,,1.25,620.9279340003886,3440.043955680824
483,60,1200,0,97.35,3971.85,0.63,0.628,AISI 1010 carbon steel,2978.6,3.93,Good,,1.258,2656.5567445547376,3462.0602369971807
484,60,1200,0,97.67,4474.81,0.629,0.62,AISI 1010 carbon steel,2925.3,3.6,Good,,1.249,2229.148483281174,3437.29192051628
485,60,1200,0,97.17,5009.43,0.623,0.625,AISI 1010 carbon steel,2426.5,3.96,Good,,1.248,2697.26966477022,3434.539885351734
492,60,1200,0,98.07,3601.67,0.666,0.633,AISI 1010 carbon steel,3105.4,4.35,Good,,1.299,3254.7115875685186,3574.893678743512
493,60,1200,0,97.09,4161.74,0.615,0.619,AISI 1010 carbon steel,2730.3,3.58,Good,,1.234,2204.448967679385,3396.0113930481093
495,60,1200,0,97.9,3914.27,0.631,0.621,AISI 1010 carbon steel,3100.0,3.56,Good,,1.252,2179.8870538358246,3445.548026009912
